City_ID,City,Country,Lat,Lng,Max Temp,Humidity,Cloudiness,Wind Speed,Current Description
0,Castro,BR,-24.7911,-50.0119,49.14,81,28,2.57,scattered clouds
1,Port Elizabeth,ZA,-33.918,25.5701,53.89,87,0,3.44,clear sky
2,Provideniya,RU,64.3833,-173.3,51.91,58,0,15.99,clear sky
3,Hamilton,US,39.1834,-84.5333,67.05,66,100,17.27,overcast clouds
4,Hithadhoo,MV,-0.6,73.0833,83.77,71,98,13.2,overcast clouds
5,Agua Verde,MX,22.9,-106.05,79.07,64,3,9.69,clear sky
6,Atuona,PF,-9.8,-139.0333,77.92,79,28,17.74,light rain
7,Busselton,AU,-33.65,115.3333,60.91,71,84,20.69,broken clouds
8,Maniitsoq,GL,65.4167,-52.9,32.18,97,100,30.91,snow
9,Ternate,ID,0.8,127.4,81.25,78,99,3.4,overcast clouds
10,Kruisfontein,ZA,-34.0033,24.7314,54.18,80,98,3.89,overcast clouds
11,Bengkulu,ID,-3.8004,102.2655,76.1,88,32,3.51,scattered clouds
12,Bambous Virieux,MU,-20.3428,57.7575,75.45,73,40,9.22,scattered clouds
13,Rikitea,PF,-23.1203,-134.9692,75.51,78,13,14.38,light rain
14,Albany,US,42.6001,-73.9662,70.21,94,94,13.15,overcast clouds
15,Bredasdorp,ZA,-34.5322,20.0403,54.86,90,78,4.0,broken clouds
16,Airai,TL,-8.9266,125.4092,66.87,66,45,4.47,scattered clouds
17,Honningsvag,NO,70.9821,25.9704,42.55,81,40,1.14,scattered clouds
18,Hermanus,ZA,-34.4187,19.2345,58.89,83,63,7.92,broken clouds
19,Rio Grande,BR,-32.035,-52.0986,47.95,80,1,7.92,clear sky
20,Filingue,NE,14.3521,3.3168,86.76,43,94,10.89,light rain
21,Ventosa,PT,39.127,-9.0842,62.31,95,93,7.23,overcast clouds
22,Kapaa,US,22.0752,-159.319,81.48,79,40,11.5,scattered clouds
23,Louis Trichardt,ZA,-23.0439,29.9032,47.98,74,7,2.68,clear sky
24,Carballo,ES,43.213,-8.691,58.42,95,47,3.65,scattered clouds
25,Tabuk,PH,17.4189,121.4443,79.9,84,83,4.99,light rain
26,Aklavik,CA,68.2191,-135.0107,36.63,55,97,9.75,overcast clouds
27,Bandarbeyla,SO,9.4942,50.8122,81.27,78,82,16.6,broken clouds
28,Ushuaia,AR,-54.8,-68.3,33.46,80,0,0.0,clear sky
29,Jamestown,US,42.097,-79.2353,53.94,89,100,6.91,overcast clouds
30,Port Alfred,ZA,-33.5906,26.891,59.83,80,61,5.35,broken clouds
31,Nova Olinda Do Norte,BR,-3.8881,-59.0942,77.94,80,84,2.37,broken clouds
32,Mataura,NZ,-46.1927,168.8643,47.52,76,88,7.94,overcast clouds
33,Harper,LR,4.375,-7.7169,75.61,92,100,10.13,light rain
34,Souillac,MU,-20.5167,57.5167,75.58,73,40,9.22,scattered clouds
35,Mount Isa,AU,-20.7333,139.5,71.37,56,1,8.05,clear sky
36,Ostrovnoy,RU,68.0531,39.5131,30.63,78,19,10.83,few clouds
37,Hobart,AU,-42.8794,147.3294,53.26,87,20,11.5,few clouds
38,Shenjiamen,CN,29.9576,122.298,65.73,82,100,9.69,light rain
39,Biltine,TD,14.5333,20.9167,84.0,14,54,10.4,broken clouds
40,Nanortalik,GL,60.1432,-45.2371,35.17,92,93,8.93,overcast clouds
41,Vaini,TO,-21.2,-175.2,82.56,83,40,8.05,scattered clouds
42,Cherskiy,RU,68.75,161.3,56.75,37,94,17.87,overcast clouds
43,Aljezur,PT,37.3191,-8.8033,61.48,92,68,11.16,broken clouds
44,Bremervorde,DE,53.4833,9.1333,55.38,87,100,7.25,overcast clouds
45,Bunia,CD,1.5667,30.25,64.04,87,100,1.61,overcast clouds
46,Iserlohn,DE,51.3667,7.7,57.99,81,20,1.14,few clouds
47,Avarua,CK,-21.2078,-159.775,84.25,74,75,10.36,broken clouds
48,New Norfolk,AU,-42.7826,147.0587,52.92,68,63,1.59,broken clouds
49,Sechura,PE,-5.5569,-80.8222,68.18,75,6,17.69,clear sky
50,Esfahan,IR,32.6572,51.6776,51.44,16,0,1.86,clear sky
51,Brainerd,US,46.358,-94.2008,57.45,33,100,8.05,overcast clouds
52,Asau,RO,46.4333,26.4,52.72,85,94,1.9,overcast clouds
53,Lerwick,GB,60.1545,-1.1494,50.0,98,100,12.21,light rain
54,Ponta Do Sol,PT,32.6667,-17.1,68.0,71,11,4.12,few clouds
55,Faanui,PF,-16.4833,-151.75,81.07,69,10,14.41,clear sky
56,Nishihara,JP,26.1842,127.7558,74.48,83,100,11.5,light rain
57,Tuatapere,NZ,-46.1333,167.6833,50.83,71,55,10.27,broken clouds
58,Klaksvik,FO,62.2266,-6.589,47.32,93,36,8.99,scattered clouds
59,Alyangula,AU,-13.8483,136.4192,83.28,63,84,15.03,broken clouds
60,Dongying,CN,37.4564,118.4856,81.59,29,4,5.7,clear sky
61,Ahipara,NZ,-35.1667,173.1667,62.91,67,100,11.5,overcast clouds
62,Olinda,BR,-8.0089,-34.8553,78.53,83,75,9.22,broken clouds
63,Beringovskiy,RU,63.05,179.3167,42.6,73,96,10.8,overcast clouds
64,Barrow,US,71.2906,-156.7887,24.82,86,100,10.36,overcast clouds
65,Turukhansk,RU,65.8167,87.9833,56.03,68,85,7.27,overcast clouds
66,Maputo,MZ,-25.9653,32.5892,62.28,91,75,8.05,light rain
67,Moussoro,TD,13.6408,16.4901,87.01,14,11,13.47,few clouds
68,Tasiilaq,GL,65.6145,-37.6368,35.76,99,100,10.22,moderate rain
69,Neftcala,AZ,39.3742,49.2472,62.44,80,76,6.98,broken clouds
70,Thompson,CA,55.7435,-97.8558,64.56,20,100,10.36,overcast clouds
71,Romny,UA,50.751,33.4747,43.41,95,85,7.02,overcast clouds
72,Thinadhoo,MV,0.5333,72.9333,83.21,76,62,13.27,broken clouds
73,Bouna,CI,9.2667,-3.0,72.18,86,96,5.95,overcast clouds
74,Acarau,BR,-2.8856,-40.12,76.69,86,21,7.85,few clouds
75,Ilulissat,GL,69.2167,-51.1,35.62,93,100,3.44,overcast clouds
76,Clyde River,CA,70.4692,-68.5914,19.63,86,100,23.02,light snow
77,Mahibadhoo,MV,3.7833,72.9667,83.16,76,79,12.37,broken clouds
78,Qaanaaq,GL,77.484,-69.3632,27.1,78,100,4.88,overcast clouds
79,San Vicente,AR,-26.6167,-54.1333,53.6,74,99,2.73,overcast clouds
80,Arraial Do Cabo,BR,-22.9661,-42.0278,71.26,71,1,15.32,clear sky
81,Hilo,US,19.7297,-155.09,86.29,55,0,9.22,clear sky
82,Boma,GH,7.0805,-2.1697,68.99,98,96,2.48,overcast clouds
83,Goderich,CA,43.7501,-81.7165,50.32,81,100,8.05,overcast clouds
84,Saint-Philippe,RE,-21.3585,55.7679,67.59,72,40,9.93,scattered clouds
85,Rongcheng,CN,30.634,117.8517,69.12,80,100,1.05,overcast clouds
86,Isangel,VU,-19.55,169.2667,84.31,79,40,2.3,scattered clouds
87,Grindavik,IS,63.8424,-22.4338,48.15,87,0,13.8,clear sky
88,Male,MV,4.1748,73.5089,84.15,79,75,11.5,broken clouds
89,Constitucion,CL,-35.3333,-72.4167,52.02,92,100,12.68,overcast clouds
90,Torbay,CA,47.6666,-52.7314,56.17,64,100,12.66,overcast clouds
91,Rocha,UY,-34.4833,-54.3333,50.67,85,51,5.59,broken clouds
92,Victoria,HK,22.2855,114.1577,78.19,93,96,13.0,overcast clouds
93,Kahului,US,20.8947,-156.47,87.82,40,0,18.41,clear sky
94,Awjilah,LY,29.1081,21.2869,69.37,32,0,6.2,clear sky
95,Gillette,US,44.2911,-105.5022,57.11,35,20,11.99,few clouds
96,Geraldton,AU,-28.7667,114.6,64.81,77,75,14.97,broken clouds
97,Anadyr,RU,64.75,177.4833,54.1,58,0,8.95,clear sky
98,Mastic Beach,US,40.7668,-72.8521,77.04,89,0,13.0,clear sky
99,Punta Arenas,CL,-53.15,-70.9167,33.91,80,40,5.75,scattered clouds
100,Ridgecrest,US,35.6225,-117.6709,93.65,10,0,8.99,clear sky
101,San Rafael,AR,-34.6177,-68.3301,57.69,32,65,4.9,broken clouds
102,Vao,NC,-22.6667,167.4833,75.11,85,79,14.85,broken clouds
103,Kutum,SD,14.2,24.6667,74.37,20,42,7.05,scattered clouds
104,Fort Nelson,CA,58.8053,-122.7002,60.39,41,75,6.91,broken clouds
105,Poum,NC,-20.2333,164.0167,79.18,80,3,11.83,clear sky
106,Pevek,RU,69.7008,170.3133,35.73,90,39,8.59,scattered clouds
107,Palmer,US,42.1584,-72.3287,87.17,51,75,29.93,squalls
108,Abu Samrah,SY,35.3029,37.1841,58.96,76,3,18.12,clear sky
109,Diffa,NE,13.3154,12.6113,84.85,16,28,8.08,scattered clouds
110,Ingham,US,42.6,-84.3833,58.23,54,0,8.05,clear sky
111,Barra Da Estiva,BR,-13.6261,-41.3269,61.77,56,1,3.53,clear sky
112,Comodoro Rivadavia,AR,-45.8667,-67.5,44.46,49,0,10.36,clear sky
113,Lorengau,PG,-2.0226,147.2712,85.82,64,98,13.29,overcast clouds
114,Birjand,IR,32.8663,59.2211,52.27,30,0,4.61,clear sky
115,Bluff,NZ,-46.6,168.3333,52.07,74,98,30.49,overcast clouds
116,Carnarvon,AU,-24.8667,113.6333,70.29,58,31,14.94,scattered clouds
117,Pecanha,BR,-18.5486,-42.5569,55.08,79,5,3.42,clear sky
118,Mattru,SL,7.6244,-11.8332,74.26,97,100,3.69,overcast clouds
119,Meulaboh,ID,4.1363,96.1285,77.43,87,100,2.26,overcast clouds
120,Boa Vista,BR,2.8197,-60.6733,75.18,88,75,1.14,light rain
121,Arani,IN,12.6667,79.2833,80.67,65,77,6.73,broken clouds
122,Lososina,RU,48.9975,140.3106,42.64,82,92,9.53,overcast clouds
123,Trinidad,BO,-14.8333,-64.9,75.18,78,59,0.0,broken clouds
124,Nacala,MZ,-14.5428,40.6728,71.38,93,23,3.13,few clouds
125,Griffith,US,41.5284,-87.4237,61.14,48,0,9.22,clear sky
126,Hovd,MN,48.0056,91.6419,67.12,18,99,3.27,overcast clouds
127,Pokrovsk,UA,48.282,37.1758,49.24,88,81,11.48,broken clouds
128,Barbacoas,CO,1.6715,-78.1398,76.17,94,80,1.9,moderate rain
129,Santiago,CL,-33.4569,-70.6483,62.17,60,100,6.91,overcast clouds
130,Raha,IN,26.2333,92.5167,74.32,93,79,3.27,broken clouds
131,Chokurdakh,RU,70.6333,147.9167,33.12,100,100,5.68,light snow
132,Kendari,ID,-3.945,122.4989,78.66,87,48,1.52,scattered clouds
133,Komsomolskiy,UZ,40.4272,71.7189,54.32,76,100,4.61,overcast clouds
134,Ongandjera,NA,-17.8833,15.0667,57.99,22,0,9.04,clear sky
135,Kaitangata,NZ,-46.2817,169.8464,50.14,70,97,16.51,overcast clouds
136,Marmora,IT,44.4583,7.094,52.27,76,100,3.0,overcast clouds
137,Yar-Sale,RU,66.8333,70.8333,34.14,93,99,27.83,overcast clouds
138,Norman Wells,CA,65.282,-126.8329,46.44,49,75,4.61,broken clouds
139,Bathsheba,BB,13.2167,-59.5167,81.21,78,20,17.27,few clouds
140,Alghero,IT,40.5589,8.3181,59.09,82,0,2.3,clear sky
141,Brae,GB,60.3964,-1.353,50.65,98,100,10.83,light rain
142,Tottori,JP,35.5,134.2333,66.27,82,20,3.44,few clouds
143,Ancud,CL,-41.8697,-73.8203,47.79,73,20,16.28,light rain
144,Yellowknife,CA,62.456,-114.3525,37.92,65,100,8.05,light snow
145,Conde,BR,-7.2597,-34.9075,74.66,100,75,5.75,broken clouds
146,Lebu,CL,-37.6167,-73.65,50.05,81,100,5.28,overcast clouds
147,San Policarpo,PH,12.1791,125.5072,82.31,79,72,9.91,broken clouds
148,Monrovia,LR,6.3005,-10.7969,77.36,87,100,10.8,moderate rain
149,Nikolskoye,RU,59.7035,30.7861,45.88,56,30,2.98,scattered clouds
150,Nome,US,64.5011,-165.4064,68.07,22,0,9.22,clear sky
151,Tuktoyaktuk,CA,69.4541,-133.0374,23.0,74,100,8.05,overcast clouds
152,Port Augusta,AU,-32.5,137.7667,65.93,57,68,5.41,broken clouds
153,Karratha,AU,-20.7377,116.8463,77.72,72,99,5.53,light rain
154,Mykhaylivka,UA,47.2724,35.2224,52.18,81,33,9.84,scattered clouds
155,Ranong,TH,9.9658,98.6348,73.33,86,100,12.44,overcast clouds
156,Butaritari,KI,3.0707,172.7902,82.15,78,53,12.62,broken clouds
157,Vostok,RU,46.4856,135.8833,58.35,62,67,2.44,broken clouds
158,San Andres,CO,12.5847,-81.7006,84.22,74,40,14.97,scattered clouds
159,Vila,PT,42.0304,-8.1588,51.69,94,96,2.95,overcast clouds
160,Pedernales,DO,18.0384,-71.744,80.8,72,85,3.94,overcast clouds
161,Wanning,CN,18.8003,110.3967,81.43,86,100,5.17,overcast clouds
162,Barao De Melgaco,BR,-16.1944,-55.9675,68.36,47,3,1.41,clear sky
163,Saint Anthony,US,45.0205,-93.218,58.66,38,100,9.22,overcast clouds
164,East London,ZA,-33.0153,27.9116,59.41,84,3,4.34,clear sky
165,Puerto Ayora,EC,-0.7393,-90.3518,72.68,86,55,7.76,broken clouds
166,Antalaha,MG,-14.9003,50.2788,72.14,82,34,6.49,light rain
167,Alice,US,27.7523,-98.0697,84.54,56,0,8.05,clear sky
168,Hami,CN,42.8,93.45,81.82,17,68,9.91,broken clouds
169,Hazorasp,UZ,41.3194,61.0742,57.04,38,0,9.84,clear sky
170,Kavieng,PG,-2.5744,150.7967,84.79,64,18,17.96,few clouds
171,Palauig,PH,15.435,119.9045,81.99,80,100,10.65,overcast clouds
172,Itarema,BR,-2.9248,-39.9167,75.94,87,25,8.01,scattered clouds
173,Buraydah,SA,26.326,43.975,88.25,10,1,9.8,clear sky
174,Mpanda,TZ,-6.3655,31.0409,63.72,88,37,1.14,scattered clouds
175,Vyartsilya,RU,62.1764,30.693,43.09,68,98,4.05,overcast clouds
176,Kasongo-Lunda,CD,-6.4667,16.8167,69.22,93,62,1.19,light rain
177,Tura,IN,25.5198,90.2201,70.7,96,90,5.84,overcast clouds
178,Gunjur,GM,13.2019,-16.7339,73.47,83,0,10.36,clear sky
179,Letka,RU,59.6011,49.4232,30.97,98,100,6.02,light snow
180,Luganville,VU,-15.5333,167.1667,84.27,71,26,1.77,scattered clouds
181,Hirara,JP,24.8,125.2833,78.66,88,75,12.66,moderate rain
182,Chern,RU,53.4523,36.9145,33.75,86,3,7.09,clear sky
183,Dikson,RU,73.5069,80.5464,24.06,89,76,10.47,broken clouds
184,Upernavik,GL,72.7868,-56.1549,31.87,83,100,24.11,overcast clouds
185,Klyuchi,RU,52.2667,79.1667,52.32,42,86,6.33,overcast clouds
186,Port Blair,IN,11.6667,92.75,84.24,79,75,11.5,mist
187,Saldanha,ZA,-33.0117,17.9442,50.05,89,73,2.64,broken clouds
188,Newton,US,42.337,-71.2092,85.98,75,0,16.11,thunderstorm
189,Russell,US,32.3502,-85.1999,78.4,78,0,5.75,clear sky
190,Ribeira Grande,PT,38.5167,-28.7,64.35,94,100,4.23,light rain
191,Pembroke,CA,45.8168,-77.1162,55.18,73,98,7.56,overcast clouds
192,Vila Velha,BR,-20.3297,-40.2925,69.75,88,75,4.61,broken clouds
193,Abeche,TD,13.8292,20.8324,84.33,15,75,9.35,broken clouds
194,Sandpoint,US,48.2766,-116.5533,68.97,35,100,6.91,overcast clouds
195,Chuy,UY,-33.6971,-53.4616,53.22,82,66,5.95,broken clouds
196,Hambantota,LK,6.1241,81.1185,79.0,84,93,15.35,overcast clouds
197,Walvis Bay,NA,-22.9575,14.5053,65.35,32,4,11.5,clear sky
198,Saskylakh,RU,71.9167,114.0833,32.65,93,100,9.62,overcast clouds
199,Longyearbyen,SJ,78.2186,15.6401,35.44,87,75,2.3,broken clouds
200,Sheopur,IN,25.6667,76.7,87.69,53,3,10.13,clear sky
201,Ankang,CN,32.68,109.0172,68.54,65,1,0.81,clear sky
202,Hailun,CN,47.45,126.9333,70.65,35,76,17.63,broken clouds
203,Bintulu,MY,3.1667,113.0333,75.61,100,20,3.44,few clouds
204,Bosaso,SO,11.2842,49.1816,84.67,56,23,4.61,few clouds
205,Praia,CV,14.9215,-23.5087,72.14,68,75,11.5,broken clouds
206,Biaora,IN,23.8667,76.9167,82.65,64,14,13.91,few clouds
207,Merauke,ID,-8.4667,140.3333,83.08,72,22,12.33,few clouds
208,Korla,CN,41.7597,86.1469,76.95,21,100,12.66,overcast clouds
209,College,US,64.8569,-147.8028,67.95,25,40,16.11,scattered clouds
210,Banda Aceh,ID,5.5577,95.3222,80.64,79,100,13.22,light rain
211,Port Hedland,AU,-20.3167,118.5667,77.05,100,100,0.0,overcast clouds
212,Kathmandu,NP,27.7167,85.3167,61.02,94,75,8.05,broken clouds
213,Churapcha,RU,62.0025,132.4325,50.29,54,8,7.49,clear sky
214,La Ronge,CA,55.1001,-105.2842,66.45,13,75,13.8,broken clouds
215,Qui Nhon,VN,13.7667,109.2333,80.04,78,100,6.98,overcast clouds
216,Margate,GB,51.3813,1.3862,57.69,81,98,1.01,overcast clouds
217,Barinas,VE,8.6226,-70.2075,87.84,58,8,4.61,clear sky
218,Salalah,OM,17.0151,54.0924,84.29,74,75,8.05,broken clouds
219,Lompoc,US,34.6391,-120.4579,72.01,71,0,20.0,clear sky
220,Gold Coast,AU,-28.0,153.4333,69.91,95,100,10.36,mist
221,Tutoia,BR,-2.7619,-42.2744,76.91,85,86,3.24,overcast clouds
222,Pastavy,BY,55.1168,26.8326,42.01,65,100,4.29,overcast clouds
223,Leningradskiy,RU,69.3833,178.4167,37.33,91,96,4.59,overcast clouds
224,Sao Felix Do Xingu,BR,-6.6447,-51.995,75.0,73,8,2.77,clear sky
225,Usinsk,RU,65.9939,57.5281,33.98,89,100,29.95,overcast clouds
226,Yumen,CN,40.2833,97.2,65.5,35,16,20.11,few clouds
227,Necochea,AR,-38.5473,-58.7368,51.73,55,100,9.51,overcast clouds
228,Lagoa,PT,39.05,-27.9833,61.41,93,100,11.92,light rain
229,Mahebourg,MU,-20.4081,57.7,75.49,73,40,9.22,scattered clouds
230,Pisco,PE,-13.7,-76.2167,66.02,88,75,8.05,mist
231,Khandbari,NP,27.3747,87.2039,67.15,76,99,3.71,overcast clouds
232,Nuuk,GL,64.1835,-51.7216,32.61,100,75,36.82,broken clouds
233,Atambua,ID,-9.1061,124.8925,79.05,65,13,5.35,few clouds
234,Miri,MY,4.4148,114.0089,77.14,94,40,0.0,light rain
235,Bonthe,SL,7.5264,-12.505,78.31,86,93,10.51,overcast clouds
236,Ghimes-Faget,RO,46.5833,26.0667,46.87,97,78,2.66,broken clouds
237,Keffi,NG,8.8486,7.8736,73.51,91,92,3.67,light rain
238,Hervey Bay,AU,-25.2986,152.8535,70.02,81,98,5.01,overcast clouds
239,Iqaluit,CA,63.7506,-68.5145,26.33,79,100,25.32,light snow
240,Megion,RU,61.0296,76.1136,48.22,87,99,17.85,moderate rain
241,Iquique,CL,-20.2208,-70.1431,63.93,78,41,4.0,scattered clouds
242,Kandi,BJ,11.1342,2.9386,76.68,73,97,4.56,overcast clouds
243,Beira,MZ,-19.8436,34.8389,68.59,93,50,10.67,light rain
244,Pindiga,NG,9.9833,10.9333,77.45,66,92,9.78,overcast clouds
245,San Cristobal,VE,7.7669,-72.225,77.18,76,2,2.84,clear sky
246,Broome,US,42.2506,-75.833,59.38,88,100,13.8,overcast clouds
247,Boguchany,RU,58.3814,97.4531,54.34,72,21,2.01,few clouds
248,Saint George,US,37.1041,-113.5841,85.95,10,0,18.41,clear sky
249,Mana,GF,5.6592,-53.7767,76.3,88,99,3.94,overcast clouds
250,Wanaka,NZ,-44.7,169.15,50.14,55,3,3.49,clear sky
251,Sakakah,SA,29.9697,40.2064,76.57,24,18,16.84,few clouds
252,Coquimbo,CL,-29.9533,-71.3436,56.93,100,0,4.61,clear sky
253,Fairbanks,US,64.8378,-147.7164,67.96,25,0,16.11,clear sky
254,Solvychegodsk,RU,61.3305,46.9156,30.94,97,100,8.1,light snow
255,Green River,US,41.5286,-109.4662,55.8,38,86,5.99,overcast clouds
256,Mnogovershinnyy,RU,53.9353,139.9242,35.42,82,100,4.05,overcast clouds
257,Touros,BR,-5.1989,-35.4608,75.7,91,20,12.75,few clouds
258,Ekibastuz,KZ,51.6667,75.3667,48.04,55,12,10.85,few clouds
259,Bulancak,TR,40.9372,38.2291,64.22,63,75,3.44,broken clouds
260,Qaqortoq,GL,60.7167,-46.0333,32.74,97,89,6.15,overcast clouds
261,Vangaindrano,MG,-23.35,47.6,64.56,94,6,3.96,clear sky
262,Calama,CL,-22.4667,-68.9333,57.69,10,0,10.36,clear sky
263,Esperance,AU,-33.8667,121.9,62.71,77,12,12.28,few clouds
264,Biak,ID,-0.9131,122.8766,79.36,75,95,5.06,overcast clouds
265,Hasaki,JP,35.7333,140.8333,64.29,81,100,12.91,overcast clouds
266,Sao Filipe,CV,14.8961,-24.4956,71.82,75,7,5.79,clear sky
267,Husavik,IS,66.0449,-17.3389,37.94,95,100,7.74,overcast clouds
268,Santander,ES,43.4647,-3.8044,61.47,95,75,9.22,broken clouds
269,Houma,US,29.5958,-90.7195,82.0,82,0,4.61,clear sky
270,Kungurtug,RU,50.5994,97.5228,61.0,28,100,0.69,overcast clouds
271,Mar Del Plata,AR,-38.0023,-57.5575,55.94,68,0,5.75,clear sky
272,Russellville,US,35.2784,-93.1338,61.18,68,100,8.05,overcast clouds
273,Luderitz,NA,-26.6481,15.1594,59.86,57,15,6.17,few clouds
274,Ugoofaaru,MV,5.6667,73.0,83.12,78,61,15.59,broken clouds
275,Gamba,GA,-2.65,10.0,75.76,72,85,6.15,overcast clouds
276,Tonj,SS,7.2737,28.6822,76.23,79,100,4.61,overcast clouds
277,Port Lincoln,AU,-34.7333,135.8667,62.85,70,63,11.43,broken clouds
278,Ballina,AU,-28.8667,153.5667,60.78,81,61,11.65,light rain
279,Rawson,AR,-43.3002,-65.1023,47.59,55,100,16.2,overcast clouds
280,Cape Town,ZA,-33.9258,18.4232,62.38,87,0,3.0,clear sky
281,Puerto Gaitan,CO,4.3133,-72.0816,78.91,74,24,7.16,few clouds
282,Alexander City,US,32.944,-85.9539,80.06,83,75,3.44,broken clouds
283,Bubaque,GW,11.2833,-15.8333,78.22,75,34,15.7,scattered clouds
284,Mayumba,GA,-3.432,10.6554,75.22,81,92,5.73,overcast clouds
285,Port Moresby,PG,-9.4431,147.1797,85.42,74,40,11.5,scattered clouds
286,Nemuro,JP,43.3236,145.575,45.72,96,100,14.97,overcast clouds
287,Inhambane,MZ,-23.865,35.3833,68.09,95,96,2.64,moderate rain
288,Raudeberg,NO,61.9875,5.1352,53.87,74,100,11.97,light rain
289,Sioux Lookout,CA,50.1001,-91.917,55.47,28,40,8.05,scattered clouds
290,San Ramon,US,37.7799,-121.978,91.49,37,0,14.97,clear sky
291,Khatanga,RU,71.9667,102.5,32.4,88,100,8.03,overcast clouds
292,Lavrentiya,RU,65.5833,-171.0,40.46,80,100,5.88,overcast clouds
293,Muisne,EC,0.6,-80.0333,77.65,89,99,9.46,light rain
294,Itaperucu,BR,-25.22,-49.3478,54.43,98,18,2.55,few clouds
295,Palaikastron,GR,35.2,26.25,67.12,65,1,10.04,clear sky
296,Codrington,AU,-38.2667,141.9667,52.84,65,1,5.06,clear sky
297,Penzance,GB,50.1186,-5.5371,54.28,88,85,13.96,overcast clouds
298,Konstantinovka,RU,49.6167,127.9833,68.09,44,76,16.64,broken clouds
299,Alice Springs,AU,-23.7,133.8833,58.55,58,22,0.0,few clouds
300,Nyakabindi,TZ,-2.6333,33.9833,64.42,77,63,2.86,broken clouds
301,Santa Isabel Do Rio Negro,BR,-0.4139,-65.0192,74.23,93,96,0.76,overcast clouds
302,Aksu,CN,41.1231,80.2644,73.98,25,100,10.87,overcast clouds
303,Kochi,IN,9.9399,76.2602,75.18,90,100,4.32,overcast clouds
304,Kokhma,RU,56.9349,41.0915,28.4,92,81,6.33,broken clouds
305,Painesville,US,41.7245,-81.2457,59.67,80,0,3.44,clear sky
306,Vung Tau,VN,10.346,107.0843,80.31,81,98,12.75,overcast clouds
307,Boende,CD,-0.2167,20.8667,72.37,95,79,3.22,broken clouds
308,Mvuma,ZW,-19.2792,30.5283,46.85,91,1,6.17,clear sky
309,Nioro,GM,13.35,-15.75,76.82,59,92,8.37,overcast clouds
310,Dorchester,US,33.1002,-80.3831,80.64,94,75,5.75,broken clouds
311,Mezen,RU,65.8522,44.24,28.78,80,97,14.52,overcast clouds
312,Jitra,MY,6.2681,100.4217,78.69,94,20,3.44,few clouds
313,Whitianga,NZ,-36.8333,175.7,61.18,63,32,8.79,scattered clouds
314,Trelew,AR,-43.249,-65.3051,45.39,62,97,16.04,overcast clouds
315,Muros,ES,42.7762,-9.0603,59.68,91,35,2.13,scattered clouds
316,Ikongo,MG,-21.8833,47.4333,62.15,94,10,2.95,clear sky
317,Avera,US,33.194,-82.5271,82.45,50,100,6.91,overcast clouds
318,Namatanai,PG,-3.6667,152.4333,85.42,59,44,12.03,scattered clouds
319,Marmande,FR,44.5,0.1667,68.31,88,77,13.24,broken clouds
320,Ahuimanu,US,21.4447,-157.8378,85.71,66,75,13.8,broken clouds
321,Tiznit,MA,29.5833,-9.5,73.27,54,10,1.32,clear sky
322,Shimoda,JP,34.6667,138.95,70.16,72,7,4.63,clear sky
323,Bushehr,IR,28.9684,50.8385,82.49,47,0,6.91,clear sky
324,Neuquen,AR,-38.9516,-68.0591,55.29,54,75,8.05,broken clouds
325,Ambon,ID,-3.6954,128.1814,82.54,78,20,1.14,few clouds
326,Catacocha,EC,-4.0667,-79.6333,68.29,94,65,3.22,light rain
327,Ewa Beach,US,21.3156,-158.0072,85.95,54,75,13.8,broken clouds
328,Saint-Pierre,RE,-21.3393,55.4781,67.91,60,0,6.91,clear sky
329,Mudgee,AU,-32.5943,149.5871,57.78,72,94,10.76,overcast clouds
330,Otautau,NZ,-46.15,168.0,50.27,69,68,7.58,broken clouds
331,Petropavlovsk-Kamchatskiy,RU,53.0452,158.6483,41.59,100,100,4.47,light intensity shower rain
332,Okitipupa,NG,6.5047,4.7839,73.67,97,94,0.38,overcast clouds
333,Hisai,JP,34.6667,136.4667,69.6,55,15,10.92,few clouds
334,Shaunavon,CA,49.6501,-108.4181,56.98,27,33,8.28,scattered clouds
335,San Antonio,US,29.4241,-98.4936,88.25,51,20,6.91,few clouds
336,Skibbereen,IE,51.55,-9.2667,51.12,88,55,12.68,broken clouds
337,Camacha,PT,33.0833,-16.3333,63.82,68,40,9.22,scattered clouds
338,Warmbad,NA,-28.45,18.7333,56.71,54,7,7.94,clear sky
339,Campbell River,CA,50.0163,-125.2446,62.98,48,100,6.91,overcast clouds
340,Bambanglipuro,ID,-7.95,110.2833,78.21,83,55,4.72,broken clouds
341,Kudahuvadhoo,MV,2.6708,72.8944,83.07,75,53,11.56,broken clouds
342,Bestobe,KZ,52.4994,73.0975,46.99,61,23,15.23,few clouds
343,Rehoboth,NA,-23.3167,17.0833,47.23,65,20,3.85,few clouds
344,Akonolinga,CM,3.7667,12.25,67.82,100,81,3.18,broken clouds
345,Galle,LK,6.0367,80.217,80.04,86,58,12.03,broken clouds
346,Mandera,KE,3.9366,41.867,80.6,63,61,15.43,broken clouds
347,San Patricio,US,28.017,-97.5169,85.06,65,100,14.18,overcast clouds
348,Kuznechnoye,RU,61.12,29.8686,46.0,78,82,4.52,broken clouds
349,Charters Towers,AU,-20.1,146.2667,70.5,70,88,11.5,overcast clouds
350,Kjollefjord,NO,70.9457,27.3465,42.85,86,52,5.46,broken clouds
351,Half Moon Bay,US,37.4636,-122.4286,82.02,61,20,27.63,mist
352,Tateyama,JP,34.9833,139.8667,67.69,83,6,10.96,clear sky
353,Adrar,MR,20.5022,-10.0711,90.95,15,76,7.0,broken clouds
354,Ler,SS,8.3018,30.1418,78.15,65,97,2.17,overcast clouds
355,Mao,ES,39.8885,4.2658,66.76,94,0,6.91,clear sky
356,Cabedelo,BR,-6.9811,-34.8339,75.87,84,28,14.25,scattered clouds
357,Derzhavinsk,KZ,51.1,66.3167,50.05,44,99,19.98,overcast clouds
358,Tabou,CI,4.423,-7.3528,75.33,90,100,8.97,overcast clouds
359,Bilma,NE,18.6853,12.9164,85.35,12,75,5.86,broken clouds
360,Loiza,PR,18.4313,-65.8802,82.4,81,40,11.5,haze
361,Nchelenge,ZM,-9.3451,28.734,68.16,81,98,3.09,overcast clouds
362,Ewo,CG,-0.8725,14.8206,72.9,90,100,4.81,overcast clouds
363,Kaili,ID,-3.4626,120.2147,67.26,96,100,2.17,overcast clouds
364,Xuddur,SO,4.1213,43.8894,74.19,76,99,17.22,overcast clouds
365,Kasungu,MW,-13.0333,33.4833,65.17,65,90,3.65,overcast clouds
366,Floriano,BR,-6.7669,-43.0225,75.7,71,20,4.45,few clouds
367,Los Llanos De Aridane,ES,28.6585,-17.9182,65.95,88,100,11.5,overcast clouds
368,Kaeo,NZ,-35.1,173.7833,63.48,61,100,7.45,overcast clouds
369,Sovetskiy,RU,61.3614,63.5842,35.2,93,95,10.07,overcast clouds
370,Mumford,GH,5.2618,-0.759,74.82,85,92,6.24,overcast clouds
371,Copacabana,CO,6.3463,-75.5089,73.83,94,75,2.3,light rain
372,Matay,EG,28.419,30.7792,69.67,42,0,7.31,clear sky
373,Timra,SE,62.487,17.3257,37.08,93,37,4.61,scattered clouds
374,Vilhena,BR,-12.7406,-60.1458,73.62,64,0,4.61,clear sky
375,Kodiak,US,57.79,-152.4072,47.71,81,100,19.57,light rain
376,Alpena,US,45.0617,-83.4327,53.92,54,100,8.05,overcast clouds
377,Odweyne,SO,9.4092,45.064,76.06,54,97,7.9,overcast clouds
378,Narsaq,GL,60.9167,-46.05,39.42,91,97,7.96,overcast clouds
379,Westport,US,41.1415,-73.3579,81.93,64,0,12.66,clear sky
380,Buala,SB,-8.145,159.5921,85.14,69,22,4.97,light rain
381,Hobyo,SO,5.3505,48.5268,80.08,81,98,27.92,overcast clouds
382,Yorosso,ML,12.3536,-4.7761,84.09,51,100,9.62,overcast clouds
383,Lardos,GR,36.0942,28.0157,66.94,80,4,13.04,clear sky
384,Vilyuysk,RU,63.7553,121.6247,56.88,48,60,4.0,broken clouds
385,Palembang,ID,-2.9167,104.7458,77.09,94,40,0.0,mist
386,Marsh Harbour,BS,26.5412,-77.0636,78.33,79,47,17.16,scattered clouds
387,Palu,ID,-0.8917,119.8707,78.85,91,98,2.46,light rain
388,La Romana,DO,18.4273,-68.9728,80.96,74,75,11.5,broken clouds
389,Neudorfl,AT,47.7833,16.2833,61.09,75,77,3.09,broken clouds
390,Aberystwyth,GB,52.4155,-4.0829,51.89,94,53,8.03,broken clouds
391,Launceston,AU,-41.45,147.1667,40.64,93,58,5.75,broken clouds
392,Shitanjing,CN,39.2342,106.3439,65.08,46,23,4.85,few clouds
393,Aranos,NA,-24.1333,19.1167,49.42,62,28,8.72,scattered clouds
394,Nunoa,PE,-14.48,-70.6411,41.88,44,88,8.72,overcast clouds
395,Magadan,RU,59.5667,150.8,40.53,95,100,18.81,overcast clouds
396,Namtsy,RU,62.7161,129.6658,50.29,74,97,3.18,light rain
397,Henties Bay,NA,-22.116,14.2845,61.59,58,2,2.86,clear sky
398,Kavaratti,IN,10.5669,72.642,82.78,80,98,18.95,overcast clouds
399,Umba,RU,66.6871,34.3429,32.23,76,10,6.55,clear sky
400,Alofi,NU,-19.0595,-169.9187,82.29,69,8,5.75,clear sky
401,Mwene-Ditu,CD,-7.0,23.45,67.57,83,96,2.82,light rain
402,Termiz,UZ,37.2242,67.2783,53.69,66,0,2.3,clear sky
403,Northam,GB,51.0333,-4.2167,56.39,93,92,6.08,overcast clouds
404,Inirida,CO,3.8653,-67.9239,74.34,94,75,1.34,broken clouds
405,Kankon,IN,15.0167,74.0167,80.4,83,99,5.08,overcast clouds
406,Fukue,JP,32.6881,128.8419,70.16,73,0,9.22,clear sky
407,Georgetown,MY,5.4112,100.3354,80.53,93,20,3.44,few clouds
408,Hajduboszormeny,HU,47.6667,21.5167,58.73,70,73,6.4,broken clouds
409,Xinzhi,CN,36.4989,111.7047,74.34,40,57,1.7,broken clouds
410,Svobodnyy,RU,51.4,128.1333,61.02,60,95,9.24,overcast clouds
411,Sanmenxia,CN,34.7747,111.1814,73.06,51,1,6.44,clear sky
412,Kilimatinde,TZ,-5.85,34.95,63.27,73,68,0.29,broken clouds
413,Ingolstadt,DE,48.7667,11.4333,62.65,63,75,6.91,light rain
414,Mahon,ES,39.8885,4.2658,66.76,94,0,6.91,clear sky
415,Nanyuki,KE,0.0167,37.0728,56.91,85,84,7.58,broken clouds
416,Vestmannaeyjar,IS,63.4427,-20.2734,49.6,76,2,4.45,clear sky
417,Arman,RU,59.7,150.1667,41.02,97,100,8.81,moderate rain
418,Taman,RU,45.2117,36.7161,57.15,83,73,12.68,broken clouds
419,Severo-Kurilsk,RU,50.6789,156.125,41.09,97,100,16.33,overcast clouds
420,Waipawa,NZ,-41.4122,175.5153,53.55,57,65,7.07,broken clouds
421,Sorland,NO,67.667,12.6934,46.26,89,88,6.35,overcast clouds
422,Moranbah,AU,-22.0016,148.0466,66.38,78,98,16.55,overcast clouds
423,Mahuva,IN,21.0914,71.7622,82.76,74,16,17.22,few clouds
424,Taoudenni,ML,22.6783,-3.9836,90.43,10,0,9.84,clear sky
425,Manzanillo,CU,20.3433,-77.1167,79.32,77,100,12.62,overcast clouds
426,Birin,NP,26.8865,88.0718,58.44,82,79,5.21,broken clouds
427,Pangody,RU,65.85,74.4859,47.28,82,60,18.81,broken clouds
428,Kayerkan,RU,69.3497,87.7602,32.52,100,100,6.2,overcast clouds
429,Novoagansk,RU,61.9449,76.6625,51.57,87,81,9.13,light rain
430,Gushikawa,JP,26.3544,127.8686,74.43,84,100,11.5,light rain
431,Pao De Acucar,BR,-9.7483,-37.4367,71.19,85,29,4.16,scattered clouds
432,Plover,US,44.4564,-89.544,55.51,45,75,5.99,broken clouds
433,Belmonte,BR,-15.8631,-38.8828,72.0,82,24,9.17,few clouds
434,Cowra,AU,-33.8333,148.6833,59.67,64,16,9.93,few clouds
435,Hammerfest,NO,70.6634,23.6821,43.25,75,100,2.3,overcast clouds
436,Soma,TR,39.1855,27.6094,63.81,73,86,2.39,overcast clouds
437,Tessalit,ML,20.1986,1.0114,84.69,33,18,18.88,few clouds
438,Palmeira Das Missoes,BR,-27.8994,-53.3136,53.69,73,100,5.17,overcast clouds
439,Ucluelet,CA,48.9329,-125.5528,52.09,83,100,7.54,overcast clouds
440,San Quintin,MX,30.4833,-115.95,64.83,62,0,13.22,clear sky
441,Togur,RU,58.3631,82.8265,54.23,72,80,15.75,broken clouds
442,Lebanon,US,36.2081,-86.2911,71.47,85,100,10.4,overcast clouds
443,Yumbe,UG,3.4651,31.2469,64.96,92,56,2.39,moderate rain
444,Kidal,ML,18.4411,1.4078,84.74,32,31,11.68,scattered clouds
445,Verkhnetulomskiy,RU,68.6073,31.7962,35.73,99,100,3.44,overcast clouds
446,Valledupar,CO,10.4631,-73.2532,89.29,55,20,6.91,few clouds
447,Nizhniy Baskunchak,RU,48.2198,46.8311,55.98,84,100,14.72,overcast clouds
448,Yerbogachen,RU,61.2767,108.0108,55.13,74,69,3.33,broken clouds
449,Ust-Kuyga,RU,70.0167,135.6,34.38,94,88,2.86,overcast clouds
450,Shakiso,ET,5.75,38.9167,56.03,96,93,3.33,overcast clouds
451,Road Town,VG,18.4167,-64.6167,80.69,78,40,10.36,scattered clouds
452,Mzimba,MW,-11.9,33.6,61.43,70,49,3.65,scattered clouds
453,Port Hardy,CA,50.6996,-127.4199,60.98,44,100,10.36,overcast clouds
454,Ikungi,TZ,-5.1333,34.7667,59.52,77,79,5.7,broken clouds
455,Pop,UZ,40.8736,71.1089,57.69,64,100,10.83,overcast clouds
456,Itaborai,BR,-22.7444,-42.8594,71.17,90,0,4.34,clear sky
457,Fuzhou,CN,26.0614,119.3061,66.09,99,100,0.74,overcast clouds
458,Ughelli,NG,5.4899,6.0074,74.95,95,100,2.28,overcast clouds
459,Wanxian,CN,30.8039,108.3897,69.06,84,0,2.82,clear sky
460,Mitsamiouli,KM,-11.3847,43.2844,78.42,83,79,14.03,light rain
461,Muriwai Beach,NZ,-36.8167,174.45,63.36,65,51,12.84,broken clouds
462,Lamballe,FR,48.4676,-2.5144,57.36,93,99,8.37,overcast clouds
463,Coos Bay,US,43.3665,-124.2179,67.32,93,40,10.36,scattered clouds
464,Cidreira,BR,-30.1811,-50.2056,59.5,78,99,5.95,overcast clouds
465,Paita,PE,-5.0892,-81.1144,67.51,81,12,17.52,few clouds
466,Jining,CN,35.405,116.5814,79.2,31,25,7.43,scattered clouds
467,Horki,BY,54.2861,30.9842,37.78,80,40,4.94,scattered clouds
468,Dhidhdhoo,MV,6.8833,73.1,83.28,78,89,18.03,overcast clouds
469,Fortuna,US,40.5982,-124.1573,58.93,85,100,12.66,overcast clouds
470,Nago,JP,26.5881,127.9761,74.25,79,99,8.84,light rain
471,Silver City,US,32.7701,-108.2803,77.68,22,0,11.01,clear sky
472,Nsanje,MW,-16.92,35.262,69.08,84,7,4.07,clear sky
473,Lazaro Cardenas,MX,17.9583,-102.2,81.14,68,9,10.56,clear sky
474,Baiquan,CN,47.5833,126.0833,71.15,32,45,11.65,scattered clouds
475,Vicuna,CL,-30.0319,-70.7081,49.73,42,60,2.13,broken clouds
476,Plaster Rock,CA,46.9065,-67.39,70.32,98,100,7.02,overcast clouds
477,Takoradi,GH,4.8845,-1.7554,74.34,92,100,5.64,overcast clouds
478,Bereda,ES,43.2686,-7.5406,59.41,99,96,2.73,overcast clouds
479,Yakeshi,CN,49.2833,120.7333,65.46,38,54,18.07,broken clouds
480,Padang,ID,-0.9492,100.3543,71.65,80,91,3.62,overcast clouds
481,Chingola,ZM,-12.529,27.8838,57.38,70,71,5.21,broken clouds
482,Ornskoldsvik,SE,63.2909,18.7153,32.95,100,86,2.3,overcast clouds
483,Talcahuano,CL,-36.7167,-73.1167,51.48,93,100,4.61,overcast clouds
484,Tongliao,CN,43.6125,122.2653,77.04,30,72,7.52,broken clouds
485,Lagos,NG,6.5833,3.75,79.12,90,96,3.47,overcast clouds
486,Bawku,GH,11.0616,-0.2417,82.11,61,90,9.17,overcast clouds
487,Marquette,US,46.5333,-87.6335,48.78,70,96,4.92,overcast clouds
488,Sitka,US,57.0531,-135.33,51.69,71,20,6.91,few clouds
489,Kailua,US,21.4022,-157.7394,85.98,67,75,13.8,broken clouds
490,Asyut,EG,27.181,31.1837,69.98,25,0,7.7,clear sky
491,Sharjah,AE,25.3573,55.4033,80.89,74,0,8.05,clear sky
492,Razole,IN,16.4833,81.8333,85.64,59,19,6.64,few clouds
493,Chernyshevskiy,RU,63.0128,112.4714,58.1,57,71,1.88,broken clouds
494,Manjeshwar,IN,12.7194,74.8861,76.15,89,96,3.49,overcast clouds
495,Sri Aman,MY,1.2376,111.4621,77.09,100,94,0.0,overcast clouds
496,Araouane,ML,18.9048,-3.5265,85.59,16,0,7.4,clear sky
497,Kokopo,PG,-4.352,152.2633,83.61,61,53,4.52,broken clouds
498,Talnakh,RU,69.4865,88.3972,33.21,100,100,5.46,overcast clouds
499,Arcachon,FR,44.5875,-1.0519,66.52,94,100,9.22,light rain
500,Harrison,US,30.4091,-89.0436,76.05,89,100,10.36,light rain
501,Manohar Thana,IN,24.24,76.8018,84.63,60,10,12.86,clear sky
502,Karachi,PK,24.9056,67.0822,84.02,79,75,12.66,broken clouds
503,Qinhuangdao,CN,39.9317,119.5883,78.8,37,51,7.94,broken clouds
504,Ponazyrevo,RU,58.3578,46.3142,31.46,96,100,7.29,light snow
505,Mansehra,PK,34.3333,73.2,59.61,73,77,9.04,broken clouds
506,Tabas,IR,33.5959,56.9244,69.73,24,2,1.9,clear sky
507,Burnie,AU,-41.0667,145.9167,52.95,67,8,3.67,clear sky
508,Teya,RU,60.3778,92.6267,53.49,70,0,2.62,clear sky
509,Am Timan,TD,11.0297,20.2827,89.2,30,63,4.12,broken clouds
510,Oktyabrskoye,RU,43.0645,44.7417,53.74,76,16,8.95,few clouds
511,Coffs Harbour,AU,-30.3,153.1333,60.76,88,40,16.11,light intensity shower rain
512,Puri,IN,19.8,85.85,77.52,86,74,4.88,light rain
513,Kati,ML,12.7441,-8.0726,85.41,42,82,6.8,broken clouds
514,Vila Franca Do Campo,PT,37.7167,-25.4333,68.2,95,94,2.42,overcast clouds
515,Angoche,MZ,-16.2325,39.9086,74.03,86,0,4.9,clear sky
516,Saint-Francois,FR,46.4154,3.9054,71.04,68,100,8.05,overcast clouds
517,Wuan,CN,31.6836,112.0044,69.84,74,0,1.86,clear sky
518,Solnechnyy,RU,50.7214,136.6319,48.0,59,89,3.76,light rain
519,Kurilsk,RU,45.2333,147.8833,48.29,81,100,8.39,heavy intensity rain
520,Cozumel,MX,20.5083,-86.9458,83.95,81,7,8.99,clear sky
521,Yelizovo,RU,53.1873,158.3805,42.94,100,100,4.47,light intensity shower rain
522,Rovnoye,RU,50.7765,46.0509,45.57,92,99,6.67,overcast clouds
523,Chimbarongo,CL,-34.7,-71.05,51.73,59,100,3.49,moderate rain
524,Tadepallegudem,IN,16.8333,81.5,84.83,58,16,4.72,few clouds
525,Guardiagrele,IT,42.1954,14.2198,69.78,65,54,1.01,broken clouds
526,Correntina,BR,-13.3433,-44.6367,70.84,47,22,3.85,few clouds
527,Belaya Gora,RU,68.5333,146.4167,52.38,51,13,4.25,few clouds
528,Aripuana,BR,-9.1667,-60.6333,73.87,68,9,1.43,clear sky
529,Diamantino,BR,-14.4086,-56.4461,68.86,56,64,2.3,broken clouds
530,Gogrial,SS,8.5332,28.1004,82.35,52,93,5.46,overcast clouds
531,Richards Bay,ZA,-28.783,32.0377,62.06,91,100,14.99,moderate rain
532,Olafsvik,IS,64.8945,-23.7142,43.2,67,0,12.48,clear sky
533,Ulagan,RU,50.6321,87.9563,57.34,63,38,1.83,scattered clouds
534,Matoury,GF,4.8483,-52.3317,82.02,94,75,1.14,broken clouds
535,Marolambo,MG,-20.05,48.1167,61.43,99,18,1.97,few clouds
536,Nueva Gorgona,PA,8.55,-79.8667,85.21,99,88,6.96,overcast clouds
537,Sur,OM,22.5667,59.5289,92.41,38,0,17.05,clear sky
538,Lokomotivnyy,RU,53.0118,60.5684,42.12,95,84,8.3,light rain
539,Foz,ES,43.5692,-7.2544,58.66,95,91,4.85,overcast clouds
540,Ntoum,GA,0.3833,9.7833,74.14,90,49,4.16,scattered clouds
541,Saint-Georges,GD,12.0564,-61.7485,82.08,78,20,9.22,few clouds
542,Papa,HU,47.33,17.4674,51.51,81,0,0.0,clear sky
543,Luanda,AO,-8.8368,13.2343,73.4,83,20,5.75,few clouds
544,Esmeraldas,BR,-19.7625,-44.3139,65.26,64,0,4.16,clear sky
545,Khangarh,PK,29.9173,71.1618,89.67,10,31,10.69,scattered clouds
546,Moroni,KM,-11.7022,43.2551,78.89,79,65,5.26,light rain
547,Imbituba,BR,-28.24,-48.6703,63.86,99,100,5.75,overcast clouds
548,Hoquiam,US,46.9809,-123.8893,62.44,82,0,11.5,clear sky
549,Katsuura,JP,35.1333,140.3,67.17,84,27,4.12,scattered clouds
550,Baturaja,ID,-4.1333,104.1667,74.26,97,88,1.97,overcast clouds
551,Khilok,RU,51.3674,110.4676,57.11,66,98,8.21,light rain
552,Havre-Saint-Pierre,CA,50.2334,-63.5986,52.16,87,100,11.5,overcast clouds
553,Jumla,NP,29.2747,82.1838,49.68,87,88,3.71,overcast clouds
554,Okha,RU,53.5739,142.9478,35.13,83,100,5.61,overcast clouds
555,Gumdag,TM,39.2061,54.5906,69.04,34,14,14.72,few clouds
556,Caravelas,BR,-17.7125,-39.2481,69.58,80,15,6.78,few clouds
557,Ojinaga,MX,29.5667,-104.4167,81.41,36,0,19.57,clear sky
558,Lakes Entrance,AU,-37.8811,147.981,49.15,68,3,2.08,clear sky
559,Berlevag,NO,70.8578,29.0864,39.15,81,100,4.61,overcast clouds
560,Flinders,AU,-34.5833,150.8552,58.17,92,99,4.0,light rain
561,Bandundu,CD,-3.3167,17.3667,73.18,94,98,1.41,light rain
562,Eydhafushi,MV,5.1033,73.0708,82.83,78,50,14.38,scattered clouds
563,Nipawin,CA,53.3668,-104.0009,64.44,19,20,16.11,few clouds
564,Chirongui,YT,-12.9319,45.1483,80.53,69,99,2.57,overcast clouds
565,Gulabpura,IN,25.9,74.6667,81.86,64,0,14.7,clear sky
566,Zhangye,CN,38.9342,100.4517,71.87,27,18,5.23,few clouds
567,Ruwi,OM,23.5996,58.5507,87.49,59,0,3.94,clear sky
568,Hualmay,PE,-11.0964,-77.6139,64.31,88,28,5.95,scattered clouds
569,Porto De Moz,BR,-1.7483,-52.2383,77.0,78,100,3.42,overcast clouds
570,Lehigh Acres,US,26.6254,-81.6248,91.42,60,0,10.36,clear sky
571,Arroyo,ES,41.6096,-4.7969,59.59,88,0,6.91,clear sky
572,Bryan,US,30.6744,-96.37,75.22,78,100,9.22,overcast clouds
573,Neiafu,TO,-18.65,-173.9833,80.67,75,13,11.03,light rain
574,Ngunguru,NZ,-35.6167,174.5,62.4,66,98,11.59,overcast clouds
575,Dunedin,NZ,-45.8742,170.5036,53.8,50,51,23.0,broken clouds
576,Pimentel,PE,-6.8367,-79.9342,68.29,68,0,19.57,clear sky
577,Katherine,AU,-14.4667,132.2667,79.12,50,94,6.91,overcast clouds
578,Beroroha,MG,-21.6667,45.1667,64.56,56,0,2.53,clear sky
579,Okhotsk,RU,59.3833,143.3,38.16,89,99,4.72,overcast clouds
580,Lasa,IT,46.6166,10.7002,63.48,83,100,2.35,overcast clouds
581,Bjornevatn,NO,69.6672,29.9847,37.74,100,100,3.44,overcast clouds
582,Sibolga,ID,1.7427,98.7792,77.43,85,100,2.39,overcast clouds
583,Kiruna,SE,67.8557,20.2251,41.92,81,40,4.61,light rain
584,Cabo San Lucas,MX,22.8909,-109.9124,83.61,41,0,10.36,clear sky
585,Haines Junction,CA,60.7522,-137.5108,60.75,21,100,10.36,overcast clouds
586,Murgab,TM,37.4966,61.9714,58.87,67,0,6.91,clear sky
587,Lakatoro,VU,-16.0999,167.4164,82.99,72,14,2.62,few clouds
588,Godda,IN,24.8333,87.2167,80.24,76,12,5.99,few clouds
589,Pietrosani,RO,45.1833,24.85,50.31,74,53,2.13,broken clouds
590,Tiksi,RU,71.6872,128.8694,30.45,90,50,4.47,scattered clouds
591,Yokadouma,CM,3.5167,15.05,69.76,99,98,2.62,light rain
592,Nyimba,ZM,-14.5566,30.8149,64.85,50,51,3.91,broken clouds
593,Tungor,RU,53.3808,142.9564,35.96,82,100,5.46,overcast clouds
594,Smithers,CA,54.7804,-127.1743,66.52,16,40,11.5,scattered clouds
595,Sihora,IN,23.4833,80.1167,86.79,30,84,7.34,broken clouds
596,Boyuibe,BO,-20.4167,-63.2833,59.88,62,1,2.57,clear sky
597,Porangatu,BR,-13.4408,-49.1486,68.0,49,2,1.99,clear sky
598,Montrose,US,38.4166,-108.2673,60.21,16,95,17.38,overcast clouds
599,Cap Malheureux,MU,-19.9842,57.6142,72.46,77,3,16.98,clear sky
600,Mujiayingzi,CN,42.1167,118.7833,74.86,32,96,5.66,overcast clouds
601,Dingle,PH,10.9995,122.6711,82.8,75,100,5.75,overcast clouds
602,Santa Cruz,BO,-17.8,-63.1667,71.65,78,75,9.22,broken clouds
603,Gweru,ZW,-19.45,29.8167,45.59,52,0,5.73,clear sky
604,Guarda,PT,40.5373,-7.2658,53.24,97,16,4.27,few clouds
605,Port Pirie,AU,-33.1833,138.0167,63.68,64,87,5.35,overcast clouds
606,White Center,US,47.5173,-122.3549,74.14,38,0,5.75,clear sky
607,Ossora,RU,59.2353,163.0719,40.68,84,50,2.26,scattered clouds
608,Batemans Bay,AU,-35.7167,150.1833,55.09,63,94,4.63,light rain
609,Ivanava,BY,52.1451,25.5365,47.25,98,100,4.74,overcast clouds
610,Barabai,ID,-2.5833,115.3833,77.9,91,72,2.04,light rain
611,Kuytun,RU,54.3419,101.5036,51.4,59,100,5.97,overcast clouds
612,Frontera,MX,26.9333,-101.45,68.32,81,100,3.0,overcast clouds
613,Keningau,MY,5.3378,116.1602,74.8,94,99,1.74,overcast clouds
614,Pundaguitan,PH,6.3711,126.1689,82.26,72,79,1.25,broken clouds
615,Krasnaya Gorka,RU,55.1962,56.6673,38.23,94,95,3.44,overcast clouds
616,Maumere,ID,-8.6199,122.2111,81.82,73,71,5.19,broken clouds
617,Pochutla,MX,15.7432,-96.4661,85.82,57,0,8.75,clear sky
618,Barabinsk,RU,55.3571,78.357,49.08,64,25,11.74,scattered clouds
619,Shahreza,IR,32.0339,51.8794,63.63,16,0,3.74,clear sky
620,Ordu,TR,40.9086,37.6845,52.3,86,92,3.36,light rain
621,Rio Branco,BR,-9.9747,-67.81,77.61,83,0,0.0,clear sky
622,Bellefontaine,US,40.3612,-83.7597,63.43,51,0,9.22,clear sky
623,Calabozo,VE,8.9242,-67.4293,85.8,47,61,8.32,broken clouds
624,Zhezkazgan,KZ,47.8043,67.7144,48.74,28,5,9.84,clear sky
625,Tautira,PF,-17.7333,-149.15,79.65,74,22,12.17,light rain
626,Gimli,CA,50.6336,-96.9907,51.82,50,30,11.5,scattered clouds
627,Khor,RU,47.8861,134.9464,55.17,64,67,6.64,broken clouds
628,Daru,PG,-9.0763,143.2092,82.6,78,47,13.33,scattered clouds
629,Mozarlandia,BR,-14.7447,-50.5706,65.71,30,35,2.33,scattered clouds
630,Sisimiut,GL,66.9395,-53.6735,32.5,97,100,2.86,snow
631,Bonavista,CA,48.6499,-53.1147,51.01,76,88,14.83,overcast clouds
632,Carutapera,BR,-1.195,-46.02,74.64,92,49,4.34,scattered clouds
633,Santa Rosa,PH,14.3122,121.1114,84.11,84,98,2.93,overcast clouds
634,Synya,RU,65.3718,58.0387,36.03,87,100,16.96,light rain
635,Kriva Palanka,MK,42.2019,22.3319,55.22,84,0,2.15,clear sky
636,Aukra,NO,62.7925,6.919,53.76,76,20,9.22,light intensity shower rain
637,Kyabe,TD,9.4515,18.9449,86.16,39,65,3.76,broken clouds
638,Talaya,RU,61.3833,152.75,43.43,71,100,12.1,overcast clouds
639,Havelock,US,34.8791,-76.9013,78.78,84,40,12.66,scattered clouds
640,Capao Bonito,BR,-24.0058,-48.3494,51.37,95,1,4.14,clear sky
641,Roald,NO,62.5833,6.1333,56.32,93,20,6.91,few clouds
642,Yerkoy,TR,39.6381,34.4672,56.21,63,39,5.03,scattered clouds
643,Loudeac,FR,48.1783,-2.7543,55.72,96,91,7.52,overcast clouds
644,Vila Do Maio,CV,15.1333,-23.2167,72.39,79,11,11.83,few clouds
645,Gazojak,TM,41.1875,61.4036,65.37,38,0,9.51,clear sky
646,Bud,US,39.447,-86.1758,64.42,51,91,7.61,overcast clouds
647,Kandiari,PK,26.9156,68.5216,92.25,12,0,6.6,clear sky
648,Ciudad Bolivar,VE,8.1222,-63.5497,76.19,85,100,10.11,overcast clouds
649,Guerrero Negro,MX,27.9769,-114.0611,65.41,62,0,19.08,clear sky
650,Siguiri,GN,11.6667,-9.5,82.24,50,62,5.41,light rain
651,Katangli,RU,51.7102,143.2326,36.36,82,100,7.25,overcast clouds
652,Washington,US,47.5001,-120.5015,71.89,27,38,3.74,scattered clouds
653,Khandyga,RU,62.6667,135.6,51.82,47,33,1.74,scattered clouds
654,New Braunfels,US,29.703,-98.1245,86.65,56,0,8.05,clear sky
655,Bowen,AU,-20.0167,148.2333,74.82,68,84,11.01,broken clouds
656,Saint-Augustin,CA,51.226,-58.6502,46.13,94,75,8.79,broken clouds
657,Jackson,US,42.4165,-122.8345,75.7,23,0,8.05,clear sky
658,Puerto Colombia,CO,10.9878,-74.9547,82.49,86,19,20.69,few clouds
659,Castelo Branco,PT,39.8222,-7.4909,55.96,95,9,3.4,clear sky
660,Mariental,NA,-24.6333,17.9667,52.54,56,20,10.07,few clouds
661,Kinablangan,PH,7.6947,126.5503,82.81,72,85,0.29,overcast clouds
662,Haimen,CN,23.1935,116.6142,71.49,89,100,11.27,overcast clouds
663,Vardo,NO,70.3705,31.1107,37.38,93,100,17.27,overcast clouds
664,Sarangani,PH,5.4033,125.4636,82.44,72,97,0.74,overcast clouds
665,Nanning,CN,22.8167,108.3167,73.85,97,100,3.67,overcast clouds
666,Remedios,CU,22.4947,-79.5458,85.12,83,86,15.32,overcast clouds
667,Natchez,US,31.5604,-91.4032,74.64,91,100,8.05,moderate rain
668,Namibe,AO,-15.1961,12.1522,68.49,72,0,5.64,clear sky
669,Kovdor,RU,67.5662,30.4758,34.11,99,100,2.59,light snow
670,Lewistown,US,40.5992,-77.5714,72.81,94,75,0.0,broken clouds
671,Tsumeb,NA,-19.2333,17.7167,52.47,36,0,7.02,clear sky
672,Taywarah,AF,33.35,64.4167,38.79,47,0,5.01,clear sky
673,Rafai,CF,4.95,23.9167,68.5,90,90,0.92,overcast clouds
674,Christchurch,NZ,-43.5333,172.6333,56.32,61,3,3.44,clear sky
675,Khomeyn,IR,33.6423,50.0789,61.3,25,0,1.88,clear sky
676,Siva,EG,29.2041,25.5195,70.84,26,0,1.25,clear sky
677,Alexandria,EG,31.2156,29.9553,67.96,83,20,11.5,few clouds
678,Bhilwara,IN,25.35,74.6333,79.16,77,0,17.45,clear sky
679,Ourossogui,SN,15.6064,-13.3211,85.35,26,48,13.91,scattered clouds
680,Teguldet,RU,57.3064,88.1667,57.15,53,89,6.38,overcast clouds
681,Sinegorye,RU,62.0788,150.477,39.58,89,100,4.99,overcast clouds
682,North Bend,US,43.4065,-124.2243,67.24,93,40,10.36,scattered clouds
683,Kupang,ID,-10.1667,123.5833,81.95,69,58,13.22,broken clouds
684,Socorro,US,31.6546,-106.3033,76.5,27,75,14.97,broken clouds
685,Tadine,NC,-21.55,167.8833,78.84,78,42,11.86,scattered clouds
686,Horta,PT,38.5333,-28.6333,63.64,95,100,3.62,light rain
687,Tigzirt,DZ,36.8886,4.1198,72.16,58,4,8.23,clear sky
688,Maldonado,UY,-34.6667,-54.9167,54.79,83,76,5.68,broken clouds
689,Vredendal,ZA,-31.6683,18.5012,53.71,69,71,0.81,broken clouds
690,Trairi,BR,-3.2778,-39.2689,74.35,92,14,5.35,few clouds
691,Grand Gaube,MU,-20.0064,57.6608,75.6,77,3,17.27,clear sky
692,Darhan,MN,49.4867,105.9228,65.14,35,48,4.32,scattered clouds
693,Khakhea,BW,-24.6895,23.494,51.42,59,3,6.33,clear sky
694,Campeche,MX,19.0,-90.5,85.33,60,84,5.7,broken clouds
695,Kysyl-Syr,RU,63.8986,122.7617,54.97,45,64,4.59,broken clouds
696,Edd,ER,13.9297,41.6925,84.78,61,10,7.61,clear sky
697,Chapada Dos Guimaraes,BR,-15.4606,-55.7497,65.86,49,31,3.06,scattered clouds
698,Abu Kamal,SY,34.4506,40.9171,73.98,31,100,18.77,overcast clouds
699,Canutama,BR,-6.5339,-64.3831,78.1,74,100,0.34,overcast clouds
700,Ambad,IN,19.6167,75.8,78.3,66,0,12.57,clear sky
701,Betanzos,ES,43.2804,-8.2147,59.65,86,75,3.44,broken clouds
702,Dicabisagan,PH,17.0818,122.4157,83.1,77,92,5.93,moderate rain
703,Kushima,JP,31.4583,131.2333,70.66,66,100,4.45,overcast clouds
